IOC,type
101.229.146.218,IP
103.146.179.101,IP
103.27.108.62,IP
103.77.192.13,IP
103.77.192.88,IP
103.93.78.142,IP
104.156.229.226,IP
104.223.20.222,IP
107.148.149.156,IP
107.148.219.227,IP
107.148.219.53,IP
107.148.219.54,IP
107.148.219.55,IP
107.148.223.196,IP
107.173.62.158,IP
137.175.19.25,IP
137.175.28.251,IP
137.175.30.36,IP
137.175.30.86,IP
137.175.51.147,IP
137.175.53.17,IP
137.175.53.170,IP
137.175.53.218,IP
137.175.60.252,IP
137.175.60.253,IP
137.175.78.66,IP
139.84.227.9,IP
155.94.160.72,IP
182.239.114.135,IP
182.239.114.254,IP
192.74.226.142,IP
192.74.254.229,IP
198.2.254.219,IP
198.2.254.220,IP
198.2.254.221,IP
198.2.254.222,IP
198.2.254.223,IP
199.247.23.80,IP
213.156.153.34,IP
216.238.112.82,IP
23.224.42.29,IP
23.224.78.130,IP
23.224.78.131,IP
23.224.78.132,IP
23.224.78.133,IP
23.224.78.134,IP
37.9.35.217,IP
38.54.1.82,IP
38.54.113.205,IP
38.60.254.165,IP
bestfindthetruth.com,Domain
fessionalwork.com,Domain
gesturefavour.com,Domain
goldenunder.com,Domain
singamofing.com,Domain
singnode.com,Domain
togetheroffway.com,Domain
troublendsef.com,Domain
0245e7f9105253ecb30de301842e28e4,MD5 hash
0805b523120cc2da3f71e5606255d29c,MD5 hash
0c227990210e7e9d704c165abd76ebe2,MD5 hash
0d67f50a0bf7a3a017784146ac41ada0,MD5 hash
132a342273cd469a34938044e8f62482,MD5 hash
17696a438387248a12cc911fbae8620e,MD5 hash
177add288b289d43236d2dba33e65956,MD5 hash
19e373b13297de1783cecf856dc48eb0,MD5 hash
19ebfe05040a8508467f9415c8378f32,MD5 hash
1b1830abaf95bd5a44aa3873df901f28,MD5 hash
1bbb32610599d70397adfdaf56109ff3,MD5 hash
1bc5212a856f028747c062b66c3a722a,MD5 hash
1c042d39ca093b0e7f1412453b132076,MD5 hash
1fea55b7c9d13d822a64b2370d015da7,MD5 hash
23f4f604f1a05c4abf2ac02f976b746b,MD5 hash
2ccb9759800154de817bf779a52d48f8,MD5 hash
2d841cb153bebcfdee5c54472b017af2,MD5 hash
2e30520f8536a27dd59eabbcb8e3532a,MD5 hash
349ca242bc6d2652d84146f5f91c3dbb,MD5 hash
35cf6faf442d325961935f660e2ab5a0,MD5 hash
3b93b524db66f8bb3df8279a141734bb,MD5 hash
3c20617f089fe5cc9ba12c43c6c072f5,MD5 hash
3e3f72f99062255d6320d5e686f0e212,MD5 hash
407738e565b4e9dafb07b782ebcf46b0,MD5 hash
42722b7d04f58dcb8bd80fe41c7ea09e,MD5 hash
436587bad5e061a7e594f9971d89c468,MD5 hash
446f3d71591afa37bbd604e2e400ae8b,MD5 hash
45b79949276c9cb9cf5dc72597dc1006,MD5 hash
4b511567cfa8dbaa32e11baf3268f074,MD5 hash
4c1c2db989e0e881232c7748593d291e,MD5 hash
4ca4f582418b2cc0626700511a6315c0,MD5 hash
4cd0f3219e98ac2e9021b06af70ed643,MD5 hash
4ec4ceda84c580054f191caa09916c68,MD5 hash
5392fb400bd671d4b185fb35a9b23fd3,MD5 hash
5d6cba7909980a7b424b133fbac634ac,MD5 hash
5fdee67c82f5480edfa54afc5a9dc834,MD5 hash
64c690f175a2d2fe38d3d7c0d0ddbb6e,MD5 hash
666da297066a2596cacb13b3da9572bf,MD5 hash
694cdb49879f1321abb4605adf634935,MD5 hash
69ef9a9e8d0506d957248e983d22b0d5,MD5 hash
6f79ef58b354fd33824c96625590c244,MD5 hash
76811232ede58de2faf6aca8395f8427,MD5 hash
7d7fd05b262342a9e8237ce14ec41c3b,MD5 hash
827d507aa3bde0ef903ca5dec60cdec8,MD5 hash
82eaf69de710abdc5dea7cd5cb56cf04,MD5 hash
831d41ba2a0036540536c2f884d089f9,MD5 hash
85c5b6c408e4bdb87da6764a75008adf,MD5 hash
87847445f9524671022d70f2a812728f,MD5 hash
878cf1de91f3ae543fd290c31adcbda4,MD5 hash
881b7846f8384c12c7481b23011d8e45,MD5 hash
8fc03800c1179a18fbd58d746596fa7d,MD5 hash
8fdf3b7dc6d88594b8b5173c1aa2bc82,MD5 hash
9033dc5bac76542b9b752064a56c6ee4,MD5 hash
a08a99e5224e1baf569fda816c991045,MD5 hash
a45ca19435c2976a29300128dc410fd4,MD5 hash
ac4fb6d0bfc871be6f68bfa647fc0125,MD5 hash
ad1dc51a66201689d442499f70b78dea,MD5 hash
b601fce4181b275954e3f35b18996c92,MD5 hash
ba7af4f98d85e5847c08cf6cefdf35dc,MD5 hash
bef722484288e24258dd33922b1a7148,MD5 hash
c528b6398c86f8bdcfa3f9de7837ebfe,MD5 hash
c56d7b86e59c5c737ee7537d7cf13df1,MD5 hash
c7a89a215e74104682880def469d4758,MD5 hash
c979e8651c1f40d685be2f66e8c2c610,MD5 hash
cb0f7f216e8965f40a724bc15db7510b,MD5 hash
cd2813f0260d63ad5adf0446253c2172,MD5 hash
ce67bb99bc1e26f6cb1f968bc1b1ec21,MD5 hash
db4c48921537d67635bb210a9cb5bb52,MD5 hash
e4e86c273a2b67a605f5d4686783e0cc,MD5 hash
e52871d82de01b7e7f134c776703f696,MD5 hash
e80a85250263d58cc1a1dc39d6cf3942,MD5 hash
f5ab04a920302931a8bd063f27b745cc,MD5 hash
f6857841a255b3b4e4eded7a66438696,MD5 hash
